img,lable
0.jpg,0
1.jpg,0
2.jpg,0
3.jpg,0
5.jpg,0
13.jpg,0
14.jpg,0
16.jpg,0
17.jpg,0
18.jpg,0
22.jpg,0
23.jpg,0
25.png,0
27.jpeg,0
29.jpeg,0
30.jpeg,0
31.jpeg,0
33.jpeg,0
36.jpeg,0
49.jpeg,0
50.jpeg,0
51.jpeg,0
52.jpeg,0
53.jpeg,0
54.jpeg,0
55.jpeg,0
56.jpeg,0
57.jpeg,0
58.jpeg,0
59.jpeg,0
60.jpeg,0
61.jpeg,0
62.jpeg,0
63.jpeg,0
67.jpeg,0
68.jpeg,0
69.jpeg,0
70.jpeg,0
71.jpeg,0
72.jpeg,0
73.jpeg,0
74.jpeg,0
82.jpeg,0
84.jpeg,0
85.jpeg,0
86.jpeg,0
87.jpeg,0
88.jpeg,0
89.jpeg,0
90.jpeg,0
4.jpg,1
6.jpg,1
7.jpg,1
8.jpg,1
9.jpg,1
10.jpg,1
11.jpg,1
12.jpg,1
15.jpg,1
19.jpg,1
20.jpg,1
21.jpg,1
24.png,1
26.jpg,1
28.jpeg,1
32.jpeg,1
34.jpeg,1
35.jpeg,1
37.jpeg,1
38.jpeg,1
39.jpeg,1
40.jpeg,1
41.jpeg,1
42.jpeg,1
43.jpeg,1
44.jpeg,1
45.jpeg,1
46.jpeg,1
47.jpeg,1
48.jpeg,1
64.jpeg,1
65.jpeg,1
66.jpeg,1
75.jpeg,1
76.jpeg,1
77.jpeg,1
78.jpeg,1
79.jpeg,1
80.jpeg,1
81.jpeg,1
83.jpeg,1
91.jpeg,1
92.jpeg,1
93.jpeg,1
94.jpeg,1
95.jpeg,1
96.jpeg,1
97.jpeg,1
98.jpeg,1
